url	first_seen	portal	title	company	status
https://job-boards.greenhouse.io/anthropic/jobs/4502508008	2026-04-05	greenhouse	Application Security Engineer	Anthropic	added
https://job-boards.greenhouse.io/anthropic/jobs/5055488008	2026-04-05	greenhouse	Applied AI Engineer	Anthropic	added
https://job-boards.greenhouse.io/anthropic/jobs/5014500008	2026-04-05	greenhouse	Applied AI Engineer	Anthropic	added
https://job-boards.greenhouse.io/anthropic/jobs/5116274008	2026-04-05	greenhouse	Applied AI Engineer	Anthropic	added
https://job-boards.greenhouse.io/anthropic/jobs/5068226008	2026-04-05	greenhouse	Applied AI Engineer, Beneficial Deployments	Anthropic	added
https://job-boards.greenhouse.io/anthropic/jobs/5057647008	2026-04-05	greenhouse	Applied AI Engineer (Digital Natives Business)	Anthropic	added
https://job-boards.greenhouse.io/anthropic/jobs/5111942008	2026-04-05	greenhouse	Applied AI Engineer, Life Sciences (Beneficial Deployments)	Anthropic	added
https://job-boards.greenhouse.io/anthropic/jobs/5073277008	2026-04-05	greenhouse	Applied AI Engineer (Startups)	Anthropic	added
https://job-boards.greenhouse.io/anthropic/jobs/4985877008	2026-04-05	greenhouse	Forward Deployed Engineer, Applied AI	Anthropic	added
https://job-boards.greenhouse.io/anthropic/jobs/5121563008	2026-04-05	greenhouse	Forward Deployed Engineer, Applied AI	Anthropic	added
https://job-boards.greenhouse.io/anthropic/jobs/5121561008	2026-04-05	greenhouse	Forward Deployed Engineer, Applied AI	Anthropic	added
https://job-boards.greenhouse.io/anthropic/jobs/5012991008	2026-04-05	greenhouse	Forward Deployed Engineer, Applied AI	Anthropic	added
https://job-boards.greenhouse.io/anthropic/jobs/5079562008	2026-04-05	greenhouse	Forward Deployed Engineer, Applied AI (Federal Civilian)	Anthropic	added
https://job-boards.greenhouse.io/anthropic/jobs/4980335008	2026-04-05	greenhouse	GRC Automation Engineering Lead	Anthropic	added
https://job-boards.greenhouse.io/anthropic/jobs/5097186008	2026-04-05	greenhouse	Design Engineer, AI Capability Development (Education Labs)	Anthropic	added
https://job-boards.greenhouse.io/anthropic/jobs/5116525008	2026-04-05	greenhouse	Design Engineer, Web	Anthropic	skipped_title
https://job-boards.greenhouse.io/humeai/jobs/4948192008	2026-04-05	greenhouse	Front-End Engineer	Hume AI	skipped_title
https://job-boards.greenhouse.io/humeai/jobs/5064248008	2026-04-05	greenhouse	Senior Platform Engineer	Hume AI	skipped_title
https://job-boards.greenhouse.io/airtable/jobs/8409376002	2026-04-05	greenhouse	Software Engineer, New Grad (2026)	Airtable	added
https://job-boards.greenhouse.io/airtable/jobs/8124953002	2026-04-05	greenhouse	Software Engineer, Data	Airtable	added
https://job-boards.greenhouse.io/airtable/jobs/8400373002	2026-04-05	greenhouse	Software Engineer, Infrastructure (2-8 YOE)	Airtable	added
https://job-boards.greenhouse.io/airtable/jobs/8400374002	2026-04-05	greenhouse	Software Engineer, Observability	Airtable	added
https://job-boards.greenhouse.io/airtable/jobs/8397137002	2026-04-05	greenhouse	Software Engineer, Product Frontend (2-8 YOE)	Airtable	added
https://job-boards.greenhouse.io/airtable/jobs/8194662002	2026-04-05	greenhouse	Product Security Engineer	Airtable	added
https://job-boards.greenhouse.io/airtable/jobs/8416915002	2026-04-05	greenhouse	Web Developer	Airtable	added
https://job-boards.greenhouse.io/airtable/jobs/7892134002	2026-04-05	greenhouse	Solutions Consultant	Airtable	added
https://job-boards.greenhouse.io/airtable/jobs/8434287002	2026-04-05	greenhouse	AI Analytics Engineer (AI & Analytics Platform)	Airtable	added
https://job-boards.greenhouse.io/airtable/jobs/8470036002	2026-04-05	greenhouse	AI Analytics Engineer (Business Analytics)	Airtable	added
https://job-boards.greenhouse.io/airtable/jobs/8434307002	2026-04-05	greenhouse	AI Analytics Engineer (Marketing Analytics)	Airtable	added
https://job-boards.greenhouse.io/vercel/jobs/5430088004	2026-04-05	greenhouse	Software Engineer, Accounts	Vercel	added
https://job-boards.greenhouse.io/vercel/jobs/5431123004	2026-04-05	greenhouse	Software Engineer, Accounts	Vercel	added
https://job-boards.greenhouse.io/vercel/jobs/5798406004	2026-04-05	greenhouse	Software Engineer, AI Gateway	Vercel	added
https://job-boards.greenhouse.io/vercel/jobs/5474915004	2026-04-05	greenhouse	Software Engineer, AI SDK	Vercel	added
https://job-boards.greenhouse.io/vercel/jobs/5179639004	2026-04-05	greenhouse	Software Engineer, CDN	Vercel	added
https://job-boards.greenhouse.io/vercel/jobs/5473266004	2026-04-05	greenhouse	Software Engineer, CDN Security	Vercel	added
https://job-boards.greenhouse.io/vercel/jobs/5551619004	2026-04-05	greenhouse	Software Engineer, Compute	Vercel	added
https://job-boards.greenhouse.io/vercel/jobs/5808568004	2026-04-05	greenhouse	Software Engineer, Dashboard	Vercel	added
https://job-boards.greenhouse.io/vercel/jobs/5633880004	2026-04-05	greenhouse	Software Engineer, Deployment Infrastructure	Vercel	added
https://job-boards.greenhouse.io/vercel/jobs/5813134004	2026-04-05	greenhouse	Software Engineer, Domains	Vercel	added
https://job-boards.greenhouse.io/vercel/jobs/5613601004	2026-04-05	greenhouse	Software Engineer, Growth	Vercel	added
https://job-boards.greenhouse.io/vercel/jobs/5798416004	2026-04-05	greenhouse	Software Engineer, Workflows	Vercel	added
https://job-boards.greenhouse.io/vercel/jobs/5806749004	2026-04-05	greenhouse	Solutions Architect	Vercel	added
https://job-boards.greenhouse.io/vercel/jobs/5843010004	2026-04-05	greenhouse	Anti-Abuse Automation Engineer	Vercel	skipped_title
https://job-boards.greenhouse.io/vercel/jobs/5752684004	2026-04-05	greenhouse	Forward-Deployed Engineer	Vercel	skipped_title
https://job-boards.greenhouse.io/vercel/jobs/5709080004	2026-04-05	greenhouse	Design Engineer	Vercel	skipped_title
https://job-boards.greenhouse.io/vercel/jobs/5820658004	2026-04-05	greenhouse	Content Engineer	Vercel	skipped_title
https://job-boards.greenhouse.io/vercel/jobs/5732855004	2026-04-05	greenhouse	Site Engineer	Vercel	skipped_title
https://job-boards.greenhouse.io/vercel/jobs/5836016004	2026-04-05	greenhouse	Staff GRC Analyst	Vercel	skipped_title
https://job-boards.greenhouse.io/arizeai/jobs/5661972004	2026-04-05	greenhouse	AI Engineer, Instrumentation	Arize AI	added
https://job-boards.greenhouse.io/arizeai/jobs/5797408004	2026-04-05	greenhouse	AI Solutions Engineer	Arize AI	added
https://job-boards.greenhouse.io/arizeai/jobs/5769693004	2026-04-05	greenhouse	AI Solutions Engineer (Charlotte)	Arize AI	added
https://job-boards.greenhouse.io/arizeai/jobs/5704428004	2026-04-05	greenhouse	Developer Relations Engineer	Arize AI	added
https://job-boards.greenhouse.io/arizeai/jobs/5704417004	2026-04-05	greenhouse	Developer Relations Engineer	Arize AI	added
https://job-boards.greenhouse.io/runpod/jobs/4118412008	2026-04-05	greenhouse	Security Engineer	RunPod	added
https://job-boards.greenhouse.io/runpod/jobs/4785681008	2026-04-05	greenhouse	Software Engineer (Full-Stack)	RunPod	added
https://job-boards.greenhouse.io/gleanwork/jobs/4592324005	2026-04-05	greenhouse	Software Engineer, University Grad	Glean	added
https://job-boards.greenhouse.io/gleanwork/jobs/4581643005	2026-04-05	greenhouse	Software Engineer, Backend	Glean	added
https://job-boards.greenhouse.io/gleanwork/jobs/4006733005	2026-04-05	greenhouse	Software Engineer, Frontend	Glean	added
https://job-boards.greenhouse.io/gleanwork/jobs/4006734005	2026-04-05	greenhouse	Software Engineer, Fullstack	Glean	added
https://job-boards.greenhouse.io/gleanwork/jobs/4605446005	2026-04-05	greenhouse	Software Engineer, AI & Security	Glean	added
https://job-boards.greenhouse.io/gleanwork/jobs/4436194005	2026-04-05	greenhouse	Software Engineer, Security	Glean	added
https://job-boards.greenhouse.io/gleanwork/jobs/4616929005	2026-04-05	greenhouse	Software Engineer, Agentic Runtime	Glean	added
https://job-boards.greenhouse.io/gleanwork/jobs/4636739005	2026-04-05	greenhouse	Software Engineer, Platform	Glean	added
https://job-boards.greenhouse.io/gleanwork/jobs/4637208005	2026-04-05	greenhouse	Software Engineer, Data Foundations	Glean	added
https://job-boards.greenhouse.io/gleanwork/jobs/4638008005	2026-04-05	greenhouse	Software Engineer, Context Platform	Glean	added
https://job-boards.greenhouse.io/gleanwork/jobs/4614706005	2026-04-05	greenhouse	Software Engineer, Developer Productivity	Glean	added
https://job-boards.greenhouse.io/gleanwork/jobs/4659229005	2026-04-05	greenhouse	Software Engineer, Insights	Glean	added
https://job-boards.greenhouse.io/gleanwork/jobs/4675862005	2026-04-05	greenhouse	Software Engineer, Billing & Revenue Platform	Glean	added
https://job-boards.greenhouse.io/gleanwork/jobs/4428090005	2026-04-05	greenhouse	Software Engineer, Product Backend	Glean	added
https://job-boards.greenhouse.io/gleanwork/jobs/4547218005	2026-04-05	greenhouse	Cloud Infrastructure Engineer	Glean	added
https://job-boards.greenhouse.io/gleanwork/jobs/4529774005	2026-04-05	greenhouse	Security Engineer, Application Security	Glean	added
https://job-boards.greenhouse.io/gleanwork/jobs/4650994005	2026-04-05	greenhouse	Security Engineer, Cloud Security	Glean	added
https://job-boards.greenhouse.io/gleanwork/jobs/4605215005	2026-04-05	greenhouse	Machine Learning Engineer, AI Assistant & Autonomous AI Agents	Glean	added
https://job-boards.greenhouse.io/gleanwork/jobs/4501783005	2026-04-05	greenhouse	Machine Learning Engineer, Infrastructure	Glean	added
https://job-boards.greenhouse.io/gleanwork/jobs/4669417005	2026-04-05	greenhouse	Machine Learning Engineer, LLM Evals & Observability	Glean	added
https://job-boards.greenhouse.io/gleanwork/jobs/4006735005	2026-04-05	greenhouse	Machine Learning Engineer, Search Quality	Glean	added
https://job-boards.eu.greenhouse.io/parloa/jobs/4809451101	2026-04-05	greenhouse	Corporate Security Engineer	Parloa	added
https://job-boards.eu.greenhouse.io/parloa/jobs/4694390101	2026-04-05	greenhouse	Forward Deployed Engineer, DevOps	Parloa	added
https://jobs.ashbyhq.com/replit/b5e81eae-06f9-4798-8988-2d06ca936dbc	2026-04-05	ashby	Software Engineer - New Grad (Summer 2026)	Replit	added
https://jobs.ashbyhq.com/kikoff/ad87f613-2906-4497-886d-742d9104fc50	2026-04-05	ashby	Software Engineer - Recent Grad 2026	Kikoff	added
https://jobs.ashbyhq.com/pylon-labs/ecf0d509-cfb9-43c6-b628-1e685d6f5f42	2026-04-05	ashby	Software Engineer (New Grad)	Pylon	added
https://jobs.ashbyhq.com/zip/19f459ee-4907-4883-9d70-35eb96f62082	2026-04-05	ashby	Software Engineer, New Grad (2026 Start)	Zip	added
https://jobs.ashbyhq.com/decagon/95a4707d-1def-481a-bb78-38a4b22b6891	2026-04-05	ashby	Agent Software Engineer - New Grad (2026 Start)	Decagon	added
https://jobs.ashbyhq.com/sentry/143811c1-ec03-458b-9edf-32f002c818f0	2026-04-05	ashby	Software Engineer, New Grad (2026)	Sentry	added
https://jobs.ashbyhq.com/n1/73724fe2-9a93-4a60-b349-4fd3d2efa94a	2026-04-05	ashby	New Grad Software Engineer (Full Stack)	N1	added
https://jobs.ashbyhq.com/benchling/b3c9b312-6e2b-4dbc-9b15-0b0310d75a7f	2026-04-05	ashby	Software Engineer, New Grad (2026)	Benchling	added
https://jobs.ashbyhq.com/harvey/163860df-ae88-437d-81da-305efa554dff	2026-04-05	ashby	Software Engineer, New Grad (2026)	Harvey	added
https://jobs.ashbyhq.com/quora/6d5ce948-148e-4b0b-8623-4dbc4517a743	2026-04-05	ashby	Software Engineer New Grad 2025-2026 - Data Infrastructure, Quora (Remote)	Quora	added
https://jobs.ashbyhq.com/quora/6df58d3e-855a-423e-99fd-a56ac8824b34	2026-04-05	ashby	AI Engineer New Grad 2025-2026 - Poe (Remote)	Quora	added
https://jobs.ashbyhq.com/quora/cb455a21-e66f-4e21-afdf-4511c6c442d1	2026-04-05	ashby	Machine Learning Engineer New Grad 2025-2026 - Ads, Quora (Remote)	Quora	added
https://jobs.ashbyhq.com/assorthealth/64876579-05a2-40b6-a772-d1ce8b0ac8c4	2026-04-05	ashby	Agent Engineer (New Grad, Summer 2026)	Assort Health	skipped_title
https://jobs.ashbyhq.com/brainco/bb6e555b-8bb1-4cd7-9813-4f82a5ebe839	2026-04-05	ashby	Early Career AI/ML Engineer	Brain Co.	added
https://jobs.ashbyhq.com/zip/5f28357a-c95d-485a-84f9-feff64ce9fb3	2026-04-05	ashby	Software Engineer, New Grad (2026 Start)	Zip	added
https://jobs.ashbyhq.com/whatnot/bc8f8c7f-2c4c-4f43-a238-953568c101b8	2026-04-05	ashby	Software Engineer, New Grad	Whatnot	added
https://job-boards.greenhouse.io/loop/jobs/5780584004	2026-04-05	greenhouse	2026 New Grad | Software Engineer, AI	Loop	added
https://job-boards.greenhouse.io/loop/jobs/5780582004	2026-04-05	greenhouse	2026 New Grad | Software Engineer, Full-Stack	Loop	added
https://job-boards.greenhouse.io/smithrx/jobs/8431453002	2026-04-05	greenhouse	Software Engineer, New Grad (Recent 2025 Grads)	SmithRx	added
https://job-boards.greenhouse.io/togetherai/jobs/4835292007	2026-04-05	greenhouse	Software Engineer - New Grad	Together AI	added
https://job-boards.greenhouse.io/sigmacomputing/jobs/6640194003	2026-04-05	greenhouse	Software Engineer (New Grad Program)	Sigma Computing	added
https://job-boards.greenhouse.io/freeformfuturecorp/jobs/6852163003	2026-04-05	greenhouse	Software Engineer (New Grad Summer 2026)	Freeform	added
https://job-boards.greenhouse.io/underdogfantasy/jobs/4647374005	2026-04-05	greenhouse	Associate Software Engineer, 2026 New Grad	Underdog	added
https://jobs.lever.co/palantir/4abf26b4-795c-420a-bf22-1ab98db268b4	2026-04-05	lever	Software Engineer, New Grad - Infrastructure	Palantir	added
https://jobs.lever.co/palantir/e1a6c138-98bf-45e2-97f7-2c70371cc38a	2026-04-05	lever	Software Engineer, New Grad - Production Infrastructure	Palantir	added
https://jobs.lever.co/palantir/94984771-0704-446c-88c6-91ce748f6d92	2026-04-05	lever	Software Engineer, New Grad	Palantir	added
https://jobs.lever.co/palantir/0a838e66-1ab0-4fc4-b4d3-4671c0352278	2026-04-05	lever	Software Engineer, New Grad - Defense	Palantir	added
https://jobs.lever.co/color/6f61b49c-4ebb-4e8f-ac94-b06307b763f9	2026-04-05	lever	New Grad Software Engineer	Color	added
https://jobs.lever.co/secureframe/5138ce50-65dc-4818-8940-a78b3d0bbd4f	2026-04-05	lever	New Grad Software Engineer, Product	Secureframe	added
https://jobs.lever.co/mistral/cf4616fc-977a-475c-bb2e-eb46a2c4a94f	2026-04-05	lever	Software Engineer, New Grad	Mistral AI	added
https://jobs.lever.co/sprucesystems/c683a712-7a5a-4bed-b580-f899998f044a	2026-04-05	lever	Full-Stack Software Engineer (New Grad) - Remote	Spruce	added
https://jobs.ashbyhq.com/cohere/1fa01a03-9253-4f62-8f10-0fe368b38cb9	2026-04-05	ashby	Applied AI Engineer - Agentic Workflows	Cohere	added
https://jobs.ashbyhq.com/cohere/f5f727bc-9eab-4fcc-9fdd-92a9ce47c37c	2026-04-05	ashby	Full-Stack Software Engineer, Inference	Cohere	added
https://jobs.ashbyhq.com/cohere/b0bcef37-1d20-414f-aade-c54942d63df9	2026-04-05	ashby	Forward Deployed Engineer, Agentic Platform	Cohere	skipped_title
https://www.langchain.com/careers	2026-04-05	ashby	Deployed Engineer (Austin)	LangChain	skipped_title
https://www.langchain.com/careers	2026-04-05	ashby	Deployed Engineer (Dallas)	LangChain	skipped_dup
https://www.langchain.com/careers	2026-04-05	ashby	Deployed Engineer (San Francisco)	LangChain	skipped_dup
https://www.langchain.com/careers	2026-04-05	ashby	Deployed Engineer (NYC)	LangChain	skipped_dup
https://www.langchain.com/careers	2026-04-05	ashby	Deployed Engineer (Chicago)	LangChain	skipped_dup
https://www.langchain.com/careers	2026-04-05	ashby	Deployed Engineer (Boston)	LangChain	skipped_dup
https://www.langchain.com/careers	2026-04-05	ashby	Deployed Engineer (Atlanta)	LangChain	skipped_dup
https://www.langchain.com/careers	2026-04-05	ashby	Deployed Engineer (Charlotte)	LangChain	skipped_dup
https://www.langchain.com/careers	2026-04-05	ashby	Deployed Engineer (Los Angeles)	LangChain	skipped_dup
https://www.langchain.com/careers	2026-04-05	ashby	Deployed Engineer (Seattle)	LangChain	skipped_dup
https://www.langchain.com/careers	2026-04-05	ashby	Deployed Engineer (Raleigh)	LangChain	skipped_dup
https://www.langchain.com/careers	2026-04-05	ashby	Deployed Engineer (San Diego)	LangChain	skipped_dup
https://www.langchain.com/careers	2026-04-05	ashby	Frontend Engineer, AI Observability & Evals Platform	LangChain	skipped_dup
https://www.langchain.com/careers	2026-04-05	ashby	FullStack Engineer, Observability & Evals Platform (LangSmith)	LangChain	skipped_dup
https://www.langchain.com/careers	2026-04-05	ashby	Fullstack Software Engineer, Applied AI	LangChain	skipped_dup
https://www.langchain.com/careers	2026-04-05	ashby	Education Engineer, Fullstack	LangChain	skipped_dup
https://www.langchain.com/careers	2026-04-05	ashby	Education Engineer, Machine Learning	LangChain	skipped_dup
https://www.langchain.com/careers	2026-04-05	ashby	JavaScript Engineer (Open Source Team)	LangChain	skipped_dup
https://www.langchain.com/careers	2026-04-05	ashby	Python OSS Engineer	LangChain	skipped_dup
https://www.langchain.com/careers	2026-04-05	ashby	Developer Productivity	LangChain	skipped_dup
https://www.langchain.com/careers	2026-04-05	ashby	Solutions Architect (Austin)	LangChain	skipped_dup
https://www.langchain.com/careers	2026-04-05	ashby	Solutions Architect (Dallas)	LangChain	skipped_dup
https://www.langchain.com/careers	2026-04-05	ashby	Solutions Architect (NYC)	LangChain	skipped_dup
https://www.langchain.com/careers	2026-04-05	ashby	Solutions Architect (San Francisco)	LangChain	skipped_dup
https://jobs.ashbyhq.com/lindy/job/a5100dbe-d851-4544-bb4c-0428d77940eb	2026-04-05	ashby	Full Stack Software Engineer (Early Career)	Lindy	added
https://sierra.ai/careers	2026-04-05	ashby	APX (New Grad)	Sierra	skipped_title
https://sierra.ai/careers	2026-04-05	ashby	Security Engineer	Sierra	skipped_dup
https://sierra.ai/careers	2026-04-05	ashby	Developer Relations Engineer	Sierra	skipped_dup
https://decagon.ai/jobs/60f9082c-5ab9-49ef-8731-c86707b45dfa	2026-04-05	ashby	Associate Solutions Engineer	Decagon	added
https://www.deepgram.com/jobs/1ab00006-f525-4e2d-a1a9-5cab4264637b	2026-04-05	ashby	Backend Engineer- Inference Services	Deepgram	added
https://www.deepgram.com/jobs/0796cc37-96a7-4158-8a00-155962da275a	2026-04-05	ashby	Backend Software Engineer - Active Learning Team	Deepgram	added
https://www.deepgram.com/jobs/7c7064bb-2bf0-4f64-81cc-14afe79a15c1	2026-04-05	ashby	Backend Software Engineer - Engine Team (Voice Agent)	Deepgram	added
https://www.deepgram.com/jobs/68372d7d-b7a9-439e-a0a7-76690576aba4	2026-04-05	ashby	Software Engineer - Deepgram for Restaurants	Deepgram	added
https://www.deepgram.com/jobs/4a873ede-8555-42ae-9ddc-ac89afdd7278	2026-04-05	ashby	Software Engineer, Voice Agents / AI - Deepgram for Restaurants	Deepgram	added
https://www.deepgram.com/jobs/f424ef6a-c27f-4984-9e77-40a1ad16ae28	2026-04-05	ashby	Site Reliability Engineer - AI & ML Infrastructure	Deepgram	added
https://www.deepgram.com/jobs/9a030b32-d671-43e0-a221-4653bb73ba29	2026-04-05	ashby	Research Engineer, Machine Learning Systems	Deepgram	added
https://elevenlabs.io/careers?jobId=ed322919-002e-4d1e-819a-e9336cad7a4d	2026-04-05	ashby	Application Security Engineer	ElevenLabs	added
https://elevenlabs.io/careers?jobId=a3097257-a07a-4a7e-b9fe-b8555c1a0fa7	2026-04-05	ashby	Automations Engineer	ElevenLabs	skipped_dup
https://elevenlabs.io/careers?jobId=5bdc54b8-b44c-4a2d-ad98-4cd9debf3f76	2026-04-05	ashby	Design Engineer	ElevenLabs	skipped_dup
https://apply.deloitte.com/careers/JobDetail/Deloitte-Risk-Financial-Advisory-Analyst-Cyber-Summer-Fall-2026-Winter-2027/190280	2026-04-05	websearch	Risk & Financial Advisory Analyst - Cyber (Summer/Fall 2026, Winter 2027)	Deloitte	added
https://apply.deloitte.com/en_US/careers/JobDetail/Deloitte-Touche-LLP-Government-Public-Services-Analyst-Cyber/309171	2026-04-05	websearch	Government & Public Services - Analyst - Cyber	Deloitte	skipped_title
https://www.accenture.com/us-en/careers/life-at-accenture/entry-level	2026-04-05	websearch	Entry Level Technology Development Program	Accenture	skipped_title
https://careers.boozallen.com/talent/university	2026-04-05	websearch	University Talent - Cyber & Software Engineering	Booz Allen Hamilton	added
https://job-boards.greenhouse.io/anthropic/jobs/5023394008	2026-04-07	greenhouse	Anthropic AI Safety Fellow	Anthropic	added
https://job-boards.greenhouse.io/anthropic/jobs/5030244008	2026-04-07	greenhouse	Anthropic AI Security Fellow	Anthropic	added
https://job-boards.greenhouse.io/gleanwork/jobs/4595665005	2026-04-07	greenhouse	Software Engineer, Intern (Summer 2026)	Glean	added
https://job-boards.greenhouse.io/gleanwork/jobs/4612849005	2026-04-07	greenhouse	Application Security Engineer	Glean	added
https://job-boards.greenhouse.io/gleanwork/jobs/4630926005	2026-04-07	greenhouse	Cloud Security Engineer	Glean	added
https://job-boards.greenhouse.io/gleanwork/jobs/4671732005	2026-04-07	greenhouse	Sales Development Representative Intern	Glean	added
https://job-boards.greenhouse.io/gleanwork/jobs/4006731005	2026-04-07	greenhouse	Software Engineer, Backend	Glean	added
https://job-boards.greenhouse.io/gleanwork/jobs/4012745005	2026-04-07	greenhouse	Software Engineer, Machine Learning	Glean	added
https://job-boards.greenhouse.io/vercel/jobs/5704320004	2026-04-07	greenhouse	Software Engineer, Agent	Vercel	added
https://job-boards.greenhouse.io/vercel/jobs/5661583004	2026-04-07	greenhouse	Software Engineer, Lua	Vercel	added
https://job-boards.greenhouse.io/vercel/jobs/5787232004	2026-04-07	greenhouse	Senior Product Security Engineer	Vercel	added
https://job-boards.greenhouse.io/vercel/jobs/5788954004	2026-04-07	greenhouse	Senior Software Engineer, Trust & Safety	Vercel	skipped_title
https://job-boards.greenhouse.io/arizeai/jobs/5818115004	2026-04-07	greenhouse	AI Product Manager	Arize AI	added
https://job-boards.greenhouse.io/arizeai/jobs/5793354004	2026-04-07	greenhouse	AI Sales Engineer (EMEA)	Arize AI	skipped_title
https://job-boards.greenhouse.io/arizeai/jobs/5792327004	2026-04-07	greenhouse	AI Sales Engineer (US)	Arize AI	added
https://job-boards.greenhouse.io/arizeai/jobs/5781408004	2026-04-07	greenhouse	AI Solutions Engineer, EMEA	Arize AI	added
https://job-boards.greenhouse.io/arizeai/jobs/5783026004	2026-04-07	greenhouse	AI Solutions Manager (San Francisco)	Arize AI	added
https://job-boards.greenhouse.io/arizeai/jobs/5396396004	2026-04-07	greenhouse	Senior AI Product Engineer, Backend	Arize AI	added
https://job-boards.greenhouse.io/arizeai/jobs/5396420004	2026-04-07	greenhouse	Senior AI Product Engineer, Fullstack	Arize AI	added
https://job-boards.greenhouse.io/arizeai/jobs/5693219004	2026-04-07	greenhouse	Senior DevOps Engineer (APJ)	Arize AI	skipped_title
https://job-boards.greenhouse.io/runpod/jobs/4142227008	2026-04-07	greenhouse	Senior Software Engineer (Cloud)	RunPod	added
https://job-boards.greenhouse.io/airtable/jobs/8409168002	2026-04-07	greenhouse	AI Agent Architect, Customer Experience	Airtable	added
https://job-boards.greenhouse.io/airtable/jobs/8378476002	2026-04-07	greenhouse	Solutions Consultant (Southern)	Airtable	added
https://job-boards.greenhouse.io/airtable/jobs/8442397002	2026-04-07	greenhouse	Software Engineer, Compute (8+ YOE)	Airtable	skipped_title
https://job-boards.greenhouse.io/airtable/jobs/8485839002	2026-04-07	greenhouse	Director, Technical Account Management	Airtable	skipped_title
https://job-boards.greenhouse.io/airtable/jobs/8477376002	2026-04-07	greenhouse	Forward Deployed Engineer, EMEA	Airtable	skipped_title
https://job-boards.greenhouse.io/intercom/jobs/7556413	2026-04-07	greenhouse	Forward Deployed Software Engineer	Intercom	added
https://job-boards.greenhouse.io/intercom/jobs/7774407	2026-04-07	greenhouse	Senior AI Deployment Architect	Intercom	added
https://job-boards.greenhouse.io/intercom/jobs/7776018	2026-04-07	greenhouse	Senior AI Deployment Architect	Intercom	skipped_dup
https://job-boards.greenhouse.io/intercom/jobs/7735288	2026-04-07	greenhouse	Senior AI Deployment Consultant	Intercom	added
https://job-boards.greenhouse.io/intercom/jobs/7544457	2026-04-07	greenhouse	Senior AI Deployment Consultant	Intercom	skipped_dup
https://job-boards.greenhouse.io/intercom/jobs/7371924	2026-04-07	greenhouse	Senior Product Engineer, AI	Intercom	added
https://job-boards.greenhouse.io/intercom/jobs/6949785	2026-04-07	greenhouse	Senior Engineer, AI Developer	Intercom	added
https://job-boards.greenhouse.io/intercom/jobs/7371989	2026-04-07	greenhouse	Software Engineer	Intercom	added
https://job-boards.greenhouse.io/intercom/jobs/6697033	2026-04-07	greenhouse	Senior Forward Deployed Engineer	Intercom	skipped_title
https://job-boards.greenhouse.io/intercom/jobs/7462098	2026-04-07	greenhouse	Senior Forward Deployed Engineer	Intercom	skipped_title
https://job-boards.greenhouse.io/intercom/jobs/7426411	2026-04-07	greenhouse	Solutions Architect	Intercom	skipped_title
https://job-boards.eu.greenhouse.io/parloa/jobs/4694431101	2026-04-07	greenhouse	Forward Deployed Engineer, DevOps	Parloa	added
https://job-boards.eu.greenhouse.io/parloa/jobs/4799672101	2026-04-07	greenhouse	Forward Deployed Engineer, VoIP	Parloa	skipped_title
https://job-boards.eu.greenhouse.io/parloa/jobs/4825141101	2026-04-07	greenhouse	Forward Deployed Engineer, VoIP	Parloa	skipped_dup
https://job-boards.eu.greenhouse.io/parloa/jobs/4566280101	2026-04-07	greenhouse	Lead AI Agent Architect	Parloa	added
https://job-boards.eu.greenhouse.io/parloa/jobs/4782800101	2026-04-07	greenhouse	Senior AI Agent Architect	Parloa	skipped_dup
https://job-boards.eu.greenhouse.io/parloa/jobs/4766701101	2026-04-07	greenhouse	Senior AI Agent Architect	Parloa	skipped_dup
https://job-boards.eu.greenhouse.io/parloa/jobs/4809098101	2026-04-07	greenhouse	Director Of Security Engineering	Parloa	skipped_title
https://job-boards.eu.greenhouse.io/polyai/jobs/4796935101	2026-04-07	greenhouse	Forward Deployed AI Engineer	PolyAI	added
https://job-boards.eu.greenhouse.io/polyai/jobs/4710429101	2026-04-07	greenhouse	AI Software Engineer (Serbia)	PolyAI	skipped_title
https://job-boards.eu.greenhouse.io/polyai/jobs/4669020101	2026-04-07	greenhouse	Senior Full Stack Engineer (Manhattan)	PolyAI	added
https://job-boards.eu.greenhouse.io/polyai/jobs/4658649101	2026-04-07	greenhouse	Senior Full Stack Engineer (UK)	PolyAI	skipped_title
https://jobs.ashbyhq.com/notion/23ac2477-0008-4bed-b1c1-81f90a32e9e6	2026-04-07	ashby	Software Engineer Intern (Summer 2026)	Notion	added
https://jobs.ashbyhq.com/notion/5bc8cbb9-4d08-4217-a968-d485d1b39905	2026-04-07	ashby	Software Engineer, AI Intern (Summer 2026)	Notion	added
https://jobs.ashbyhq.com/sentry/d2e3391f-9401-410a-b8a6-de3bf5f762b7	2026-04-07	ashby	Software Engineer, Intern (Summer 2026)	Sentry	added
https://jobs.ashbyhq.com/sentry/5e112240-922a-48f1-8865-9e7f89687f39	2026-04-07	ashby	Software Engineer, Intern (Fall 2026)	Sentry	added
https://jobs.ashbyhq.com/cohere/66c98ca3-334b-4a6a-a27c-5807b3686121	2026-04-07	ashby	Software Engineer Intern (Spring/Summer 2026)	Cohere	added
https://jobs.ashbyhq.com/cohere/2c669d85-e3d7-43f1-aa43-be33e12ff8a5	2026-04-07	ashby	Machine Learning Intern/Co-op (Spring/Summer 2026)	Cohere	added
https://jobs.ashbyhq.com/cohere/1bc2c535-2f42-454e-aebe-9c018575ce7b	2026-04-07	ashby	Software Engineer Intern (Winter 2026)	Cohere	added
https://jobs.ashbyhq.com/openai/1f3353ed-78eb-4a01-b783-c44b1c086711	2026-04-07	ashby	Software Engineer Internship / Co-op (Fall 2026)	OpenAI	added
https://jobs.ashbyhq.com/handshake/eece422a-da6b-42e7-b694-3329e6ae4d6a	2026-04-07	ashby	AI/Machine Learning Engineer Intern	Handshake	added
https://jobs.ashbyhq.com/handshake/f01f09ac-4b94-4de0-bbef-e1892df4e0cb	2026-04-07	ashby	AI Research Intern (Summer 2026)	Handshake	added
https://jobs.ashbyhq.com/gigaml/aa903645-854f-4404-9d49-8a96f0dcc2cc	2026-04-07	ashby	Software Engineer Intern (Summer 2026)	Giga	added
https://jobs.ashbyhq.com/farsight/096cdc49-06ae-4724-8f46-c58184e98334	2026-04-07	ashby	Software Engineering Intern (Summer 2026)	Farsight AI	added
https://jobs.ashbyhq.com/brainco/0abea2f1-324e-47cc-9055-d015827ba641	2026-04-07	ashby	AI/ML Engineering Internship (Summer 2026)	Brain Co.	added
https://job-boards.greenhouse.io/togetherai/jobs/5012768007	2026-04-07	greenhouse	Software Engineer Intern (Summer 2026)	Together AI	added
https://job-boards.greenhouse.io/togetherai/jobs/5012785007	2026-04-07	greenhouse	Security Engineer Intern (Summer 2026)	Together AI	added
https://job-boards.greenhouse.io/mercury/jobs/5817107004	2026-04-07	greenhouse	Software Engineering Intern - AI Enablement (Fall 2026)	Mercury	added
https://job-boards.greenhouse.io/cloudflare/jobs/7206269	2026-04-07	greenhouse	Software Engineer Intern (Summer 2026) - Austin, TX	Cloudflare	added
https://job-boards.greenhouse.io/c3ascend/jobs/8106512002	2026-04-07	greenhouse	Software Engineer - Intern (Summer 2026)	C3 AI	added
https://job-boards.greenhouse.io/xai/jobs/5054417007	2026-04-07	greenhouse	Engineering Internship (Summer 2026)	xAI	added
https://job-boards.greenhouse.io/scaleai/jobs/4606060005	2026-04-07	greenhouse	Machine Learning Research Intern (Summer 2026)	Scale AI	added
https://job-boards.greenhouse.io/sigmacomputing/jobs/7501718003	2026-04-07	greenhouse	Software Engineering Intern (Summer 2026)	Sigma Computing	added
https://jobs.lever.co/shieldai/da49232a-dc28-4085-a9b9-9059e643bc7f	2026-04-07	lever	Software Engineering Intern (2026 Summer)	Shield AI	added
https://jobs.lever.co/palantir/e27af7ab-41fc-40c9-b31d-02c6cb1c505c	2026-04-07	lever	Software Engineer, Internship	Palantir	added
https://jobs.lever.co/palantir/f17e98d0-046a-4e6e-9d65-ed0b12dd0ff7	2026-04-07	lever	Software Engineer, Internship - Defense Tech	Palantir	added
https://jobs.lever.co/palantir/ef725594-42dd-4f0d-ba8e-df8179dbc6cb	2026-04-07	lever	Information Security Engineer, Internship	Palantir	added
https://jobs.lever.co/SymmetrySystems/dbca271b-a99b-48ab-83f2-b596a037ad65	2026-04-07	lever	Full Stack Software Engineer - 2026 Summer Intern	Symmetry Systems	added
https://job-boards.greenhouse.io/affirm/jobs/7528020003	2026-04-07	greenhouse	Software Engineering Intern - Summer 2026	Affirm	added
https://job-boards.greenhouse.io/gusto/jobs/7238671	2026-04-07	greenhouse	Software Engineering Intern (Summer 2026)	Gusto	added
https://job-boards.greenhouse.io/grammarly/jobs/7657265	2026-04-07	greenhouse	Software Engineer Intern (Summer 2026)	Grammarly	added
https://jobs.ashbyhq.com/vapi/3613e24a-de10-4e76-8c28-530df2a9981b	2026-04-07	ashby	New Grad Software Engineer	Vapi	added
https://jobs.ashbyhq.com/vapi/ad7d62f7-6051-4625-89d0-efae98c863ee	2026-04-07	ashby	Product Software Engineer	Vapi	added
https://jobs.ashbyhq.com/pinecone/f6763f03-f981-4706-973c-89fc625ad70c	2026-04-07	ashby	New Grad Software Engineer	Pinecone	added
https://jobs.ashbyhq.com/pinecone/ee430f96-5d27-40c4-a1e9-1442ad7f9aed	2026-04-07	ashby	Intern: Science NYC	Pinecone	added
https://jobs.ashbyhq.com/unify/762e3fd4-7813-4da8-bb02-cc6050e3626a	2026-04-07	ashby	New Grad Software Engineer	Unify	added
https://jobs.ashbyhq.com/replit/12737078-74c7-4e63-98a7-5e8da1e9deb1	2026-04-07	ashby	Software Engineering Intern (Summer 2026)	Replit	added
https://jobs.ashbyhq.com/zettabyte-space/ec96b63a-e11c-4589-ab25-4f1779fb8759	2026-04-07	ashby	Software Engineering Intern (Summer 2026)	Zettabyte	added
https://jobs.ashbyhq.com/fizz/c33b0bb7-d87f-4666-8622-36604fe10b20	2026-04-07	ashby	Software Engineering Intern (Summer 2026)	Fizz	added
https://jobs.ashbyhq.com/Superhuman%20Platform%20Inc/ef135dc3-ab5a-4183-a8a7-ec821fdf8220	2026-04-07	ashby	Software Engineer Intern (Summer 2026)	Superhuman	added
https://jobs.ashbyhq.com/vantage/19c9753f-25be-4e76-af53-04717bdcc25b	2026-04-07	ashby	Software Engineering Intern (Summer 2026)	Vantage	added
https://job-boards.greenhouse.io/klaviyocampus/jobs/7603083003	2026-04-07	greenhouse	Full-stack Software Engineer Intern (Summer 2026)	Klaviyo	added
https://job-boards.greenhouse.io/cloudflare/jobs/7774167	2026-04-07	greenhouse	Software Engineer Intern (Summer 2026)	Cloudflare	added
https://job-boards.greenhouse.io/obsidiansecurity/jobs/4788725008	2026-04-07	greenhouse	Software Engineer - Intern (Summer 2026)	Obsidian Security	added
https://job-boards.greenhouse.io/okta/jobs/7560923	2026-04-07	greenhouse	Software Engineer Business Systems Intern (Summer 2026)	Okta	added
https://job-boards.greenhouse.io/sigmacomputing/jobs/7598782003	2026-04-07	greenhouse	Software Engineering Intern (Summer 2026)	Sigma Computing	added
https://job-boards.greenhouse.io/launchdarkly/jobs/7632240003	2026-04-07	greenhouse	Fullstack Software Engineer Intern	LaunchDarkly	added
https://job-boards.greenhouse.io/pendo/jobs/8185867002	2026-04-07	greenhouse	Software Engineer Intern - Summer 2026	Pendo	added
https://jobs.lever.co/voleon/100b2cb6-f9cc-42c3-add9-db143a76f0f0	2026-04-07	lever	Software Engineer Intern (Summer 2026)	The Voleon Group	added
https://jobs.lever.co/nominal/f2673e2a-381e-49eb-bb34-7633ac0d5ea4	2026-04-07	lever	Software Engineer - Internship (Summer 2026)	Nominal	added
https://jobs.lever.co/wandb/5091062f-e123-45bc-8c23-00f656dd90b3	2026-04-07	lever	Software Engineer, Models - US (Remote)	Weights & Biases	added
https://job-boards.greenhouse.io/cloudflare/jobs/7582169	2026-04-07	greenhouse	Security Engineer Intern (Summer 2026)	Cloudflare	added
https://job-boards.greenhouse.io/gemini/jobs/7360337	2026-04-07	greenhouse	Security Engineering Intern (Summer 2026)	Gemini	added
https://job-boards.greenhouse.io/robinhood/jobs/7161063	2026-04-07	greenhouse	Detection and Response Intern (Summer 2026)	Robinhood	added
https://jobs.ashbyhq.com/ema/ac9732bc-f6d2-40f3-b6f7-0cc6d45ac11d	2026-04-07	ashby	Security Engineer - Intern	Ema	added
https://jobs.ashbyhq.com/TensorWave/bb4265ae-0fb2-4d45-930f-c7c67a8b2f89	2026-04-07	ashby	Security Engineer Intern	TensorWave	added
https://jobs.ashbyhq.com/imprint/3813f9eb-fd3c-40d1-bf4a-e8e3932349ba	2026-04-07	ashby	Security Engineer Intern	Imprint	added
https://job-boards.greenhouse.io/robinhood/jobs/7163239	2026-04-07	greenhouse	Machine Learning Engineer Intern, Agentic ML (Summer 2026)	Robinhood	added
https://job-boards.greenhouse.io/sigmacomputing/jobs/7523578003	2026-04-07	greenhouse	AI/ML Graduate Engineering Intern (Summer 2026)	Sigma Computing	added
https://job-boards.greenhouse.io/datacor/jobs/4962021007	2026-04-07	greenhouse	Summer 2026 AI Engineer Intern	Datacor	added
https://job-boards.greenhouse.io/icapitalnetwork/jobs/8244398002	2026-04-07	greenhouse	ML/AI Engineering - Summer 2026 Intern	iCapital	added
https://job-boards.greenhouse.io/humeai/jobs/4775962008	2026-04-07	greenhouse	AI Researcher	Hume AI	added
https://careers.salesforce.com/en/jobs/jr308796/summer-2026-intern-software-engineer/	2026-04-07	websearch	Summer 2026 Intern - Software Engineer	Salesforce	added
https://careers.salesforce.com/en/jobs/jr326948/summer-2026-intern-solution-engineer/	2026-04-07	websearch	Summer 2026 Intern - Solution Engineer	Salesforce	added
https://careers.salesforce.com/en/jobs/jr313214/summer-2026-intern-ai-research/	2026-04-07	websearch	Summer 2026 Intern - AI Research	Salesforce	added
https://www.accenture.com/us-en/careers/jobdetails?id=R00285547_en	2026-04-07	websearch	Technology Summer Analyst - Austin/Dallas/Houston/San Diego	Accenture	added
https://jobs.lever.co/palantir/030ece08-c341-4959-bdfe-314e89b691ce	2026-04-07	lever	Year at Palantir, Internship	Palantir	added
https://jobs.lever.co/palantir/599b1907-aba1-4303-837b-66e69a521636	2026-04-07	lever	Forward Deployed Software Engineer, Internship - Commercial	Palantir	added
https://jobs.lever.co/palantir/315f695d-04d1-4a9a-848e-cb2bec7a997e	2026-04-07	lever	Forward Deployed Software Engineer, Internship - US Government	Palantir	added
https://job-boards.greenhouse.io/zscaler/jobs/4976260007	2026-04-07	greenhouse	Summer 2026 Technical Internship	Zscaler	added
https://job-boards.greenhouse.io/bandwidth/jobs/7455377	2026-04-07	greenhouse	Platform Engineering Intern - Summer 2026	Bandwidth	added
https://job-boards.greenhouse.io/humeai/jobs/4003488008	2026-04-07	greenhouse	Senior/Staff AI Research Engineer	Hume AI	skipped_title
https://job-boards.greenhouse.io/humeai/jobs/4948192008	2026-04-07	greenhouse	Front-End Engineer	Hume AI	skipped_dup
https://job-boards.greenhouse.io/humeai/jobs/5064248008	2026-04-07	greenhouse	Senior Platform Engineer	Hume AI	skipped_dup
https://boards-api.greenhouse.io/v1/boards/temporal/jobs	2026-04-07	greenhouse	(no open positions)	Temporal	skipped_title
https://job-boards.greenhouse.io/doordashusa/jobs/7295800	2026-04-07	greenhouse	Machine Learning Intern (Masters)	DoorDash	skipped_title
https://job-boards.greenhouse.io/gallup/jobs/4185955009	2026-04-07	greenhouse	Security Engineer Intern (Summer 2026) - Omaha NE only	Gallup	skipped_title
https://jobs.ashbyhq.com/bland/1b6ba073-5a7a-45ad-afb8-f12dbc6eab7a	2026-04-07	ashby	AI Deployment Engineer	Bland AI	added
https://jobs.ashbyhq.com/bland/1aa16d2c-66e1-41d1-a55c-d3363cd11aa5	2026-04-07	ashby	Full Stack Engineer	Bland AI	added
https://jobs.ashbyhq.com/bland/d8199cb9-04e8-4638-ad03-b93fb189034d	2026-04-07	ashby	Machine Learning Engineer, TTS Systems	Bland AI	added
https://jobs.ashbyhq.com/bland/d2e08077-61f0-4810-bc72-3efd7944647b	2026-04-07	ashby	Machine Learning Researcher, Audio	Bland AI	added
https://jobs.ashbyhq.com/bland/5e0347dd-eb4b-4820-9878-99a2cb766893	2026-04-07	ashby	AI Solutions Engineer	Bland AI	added
https://jobs.ashbyhq.com/bland/96cadc65-138f-490a-8709-9eb331bf7d54	2026-04-07	ashby	Forward Deployed Engineer	Bland AI	skipped_title
https://jobs.ashbyhq.com/bland/804fbd27-027e-4de5-8a6f-77241a65e599	2026-04-07	ashby	Customer Engineer	Bland AI	skipped_title
https://jobs.ashbyhq.com/bland/e1fac19f-c55f-442e-9a64-fc0947d45fab	2026-04-07	ashby	Platform Engineer, GTM	Bland AI	skipped_title
https://job-boards.greenhouse.io/databricks/jobs/7640764002	2026-04-07	greenhouse	Software Engineering Intern (2026)	Databricks	added
https://job-boards.greenhouse.io/databricks/jobs/6866538002	2026-04-07	greenhouse	Data Science Intern (2026 Start)	Databricks	skipped_title
https://jobs.lever.co/tevora/480a3148-3423-459e-9902-4ea58f10ffd9	2026-04-07	lever	Cybersecurity Internship Summer 2026	Tevora	added
https://jobs.lever.co/actian/21624589-9c91-48ca-bce7-ba4d0bb9a868	2026-04-07	lever	AI Security Intern	Actian	added
https://jobs.lever.co/veeva/4df9c2ca-d702-4d41-af82-290deff66564	2026-04-07	lever	Intern Software Engineer (Summer 2026)	Veeva Systems	added
https://job-boards.greenhouse.io/verkada/jobs/4836993007	2026-04-07	greenhouse	Backend Software Engineering Intern 2026	Verkada	added
https://job-boards.greenhouse.io/verkada/jobs/5024322007	2026-04-07	greenhouse	Frontend Software Engineering Intern 2026	Verkada	added
https://job-boards.greenhouse.io/verkada/jobs/5026094007	2026-04-07	greenhouse	Backend Software Engineering Intern 2026	Verkada	skipped_dup
https://job-boards.greenhouse.io/astranis/jobs/4648080006	2026-04-07	greenhouse	Software Engineer - Backend Intern (Summer 2026)	Astranis	added
https://job-boards.greenhouse.io/clear/jobs/7546221	2026-04-07	greenhouse	Software Engineering Intern (Summer 2026)	CLEAR	added
https://jobs.ashbyhq.com/ramp/c50962b5-c641-4d44-bbe5-7f1d6e7ce51f	2026-04-07	ashby	Software Engineer Internship, Backend	Ramp	added
https://jobs.ashbyhq.com/ramp/31f7e045-9a51-4a75-9ffc-d815d6db6daa	2026-04-07	ashby	Software Engineer Internship, Frontend	Ramp	added
https://jobs.ashbyhq.com/ramp/83075cf0-9c22-4475-9c6b-e21923a96df8	2026-04-07	ashby	University Grad 2026: Software Engineer - Backend	Ramp	added
https://jobs.ashbyhq.com/ramp/a1229aec-1105-4c47-8533-b912e732ed89	2026-04-07	ashby	University Grad: Software Engineer - Frontend	Ramp	added
https://jobs.ashbyhq.com/delinea/3eed48b7-b60c-4c50-adc2-4523337e1592	2026-04-07	ashby	Software Engineering Intern (Summer 2026)	Delinea	added
https://jobs.ashbyhq.com/decagon/aa9c9d2a-aba9-429e-bf91-8303247fbcd6	2026-04-07	ashby	Agent Software Engineer - Intern (Summer 2026)	Decagon	added
https://jobs.ashbyhq.com/profound/70a34e11-d3c7-4db2-a3fa-52d8cf627642	2026-04-07	ashby	Software Engineer, New Grad (San Francisco)	Profound	added
https://jobs.ashbyhq.com/netic/f645d611-ae5f-40cc-bfa8-613286060a76	2026-04-07	ashby	Machine Learning Engineer, New Grad	Netic	added
https://jobs.ashbyhq.com/netic/63c216dc-a082-43df-928c-d71b3ed4f887	2026-04-07	ashby	Software Engineer, New Grad	Netic	added
https://jobs.ashbyhq.com/netic/1242d448-bce2-4328-81ac-4b1080460b00	2026-04-07	ashby	Software Engineer, Intern	Netic	added
https://job-boards.greenhouse.io/loop/jobs/4796168004	2026-04-07	greenhouse	2026 Software Engineer Intern, Full-Stack	Loop	added
https://job-boards.greenhouse.io/breezecash/jobs/5116784008	2026-04-07	greenhouse	Software Engineer - New Grad - AI Native	Breeze	added
https://job-boards.greenhouse.io/bandwidth/jobs/7485269	2026-04-07	greenhouse	DevSecOps Intern (Summer 2026)	Bandwidth	added
https://job-boards.greenhouse.io/schonfeld/jobs/7248075	2026-04-07	greenhouse	2026 Cybersecurity Operations Summer Intern	Schonfeld	added
https://job-boards.greenhouse.io/airtable/jobs/8199012002	2026-04-07	greenhouse	Product Manager, AI	Airtable	added
https://job-boards.greenhouse.io/airtable/jobs/8397618002	2026-04-07	greenhouse	Software Engineer, Product Backend (8+ YOE)	Airtable	skipped_title
https://job-boards.greenhouse.io/airtable/jobs/8400388002	2026-04-07	greenhouse	Software Engineer, Infrastructure (8+ YOE)	Airtable	skipped_title
https://job-boards.greenhouse.io/vercel/jobs/5530586004	2026-04-07	greenhouse	Developer Success Engineer	Vercel	added
https://job-boards.greenhouse.io/vercel/jobs/5796302004	2026-04-07	greenhouse	Solutions Architect	Vercel	skipped_title
https://job-boards.greenhouse.io/vercel/jobs/5804110004	2026-04-07	greenhouse	Solutions Architect	Vercel	skipped_dup
https://jobs.lever.co/mistral/881941e1-2741-48e2-8767-12866965fac5	2026-04-07	lever	Applied AI Forward Deployed ML Engineer (Internship)	Mistral AI	added
https://jobs.lever.co/mistral/305432ef-27ac-4012-a893-a662813ac6e9	2026-04-07	lever	Software Engineer, Frontend	Mistral AI	added
https://jobs.lever.co/mistral/aceffeba-c4e9-4b3b-adff-e7e78b986c5c	2026-04-07	lever	Applied AI Engineer, Fullstack SWE (EMEA)	Mistral AI	added
https://jobs.lever.co/mistral/db67d7a2-bcec-4151-9b3a-8212ddabf419	2026-04-07	lever	Software Engineer, Data	Mistral AI	added
https://jobs.lever.co/mistral/292397f0-4ac7-4309-a0e8-63c97761a2cb	2026-04-07	lever	AI Scientist (Internship, Master's)	Mistral AI	skipped_title
https://jobs.ashbyhq.com/openai/e6539269-c8ca-43e9-8ffd-2616ef2b20d8	2026-04-07	ashby	Forward Deployed Security Engineer, Public Sector	OpenAI	added
https://jobs.ashbyhq.com/adaptive-ml/360ea776-27f1-4869-900f-6ebb78267aa2	2026-04-07	ashby	Forward Deployed AI Engineer	Adaptive ML	added
https://jobs.ashbyhq.com/lorikeet/0c72da73-cd31-4702-b9f1-c26b20932702	2026-04-07	ashby	Forward Deployed AI Engineer	Lorikeet	added
https://jobs.ashbyhq.com/intrinsic-safety/1f7eea06-129d-4cc8-8764-f3a36a5a7426	2026-04-07	ashby	Forward Deployed AI Engineer	Variance	added
https://jobs.ashbyhq.com/Promise/f0a30718-faf0-4a34-8759-0d6335fa365a	2026-04-07	ashby	Software Engineer - Forward Deployed AI (New Grad)	Promise	added
https://job-boards.greenhouse.io/cloudflare/jobs/7578761	2026-04-07	greenhouse	Threat Detection and Incident Response Intern (Summer 2026)	Cloudflare	added
https://job-boards.greenhouse.io/cloudflare/jobs/7574862	2026-04-07	greenhouse	GRC Team Intern (Summer 2026)	Cloudflare	skipped_title
https://job-boards.greenhouse.io/gleanwork/jobs/4654833005	2026-04-07	greenhouse	Lead Site Reliability Engineer	Glean	added
https://job-boards.greenhouse.io/anthropic/jobs/5156057008	2026-04-07	greenhouse	Data Engineer, Safeguards	Anthropic	skipped_title
https://job-boards.greenhouse.io/figma/jobs/5602159004	2026-04-07	greenhouse	Software Engineer Intern (2026)	Figma	added
https://job-boards.greenhouse.io/rsgur/jobs/7670946003	2026-04-07	greenhouse	Intern: Security Operations (Summer 2026)	Rockstar Games	added
https://job-boards.greenhouse.io/rsgur/jobs/7670953003	2026-04-07	greenhouse	Intern: Security Engineering Automation (Summer 2026)	Rockstar Games	added
https://job-boards.greenhouse.io/memx/jobs/4987814008	2026-04-07	greenhouse	Information Security Intern, Summer 2026	MEMX	added
https://job-boards.greenhouse.io/xtxmarketstechnologies/jobs/6927789003	2026-04-07	greenhouse	Information Security Intern - Summer 2026	XTX Markets	added
https://job-boards.greenhouse.io/darkwolfsolutions/jobs/7666354003	2026-04-07	greenhouse	2026 Dark Wolf Summer Internship (Cybersecurity)	Dark Wolf Solutions	added
https://jobs.ashbyhq.com/lambda/264f889c-38f4-42a5-9534-064a9512a3fe	2026-04-07	ashby	2026 Machine Learning Research Intern	Lambda	added
https://jobs.ashbyhq.com/unlikelyai/8d50b0a8-0f5c-403e-8629-917d8b8430d2	2026-04-07	ashby	Machine Learning Engineer Intern	UnlikelyAI	added
https://job-boards.greenhouse.io/verkada/jobs/5026066007	2026-04-07	greenhouse	Backend Software Engineer - University Graduate 2026	Verkada	added
https://job-boards.greenhouse.io/verkada/jobs/5040765007	2026-04-07	greenhouse	Computer Vision Software Engineer - University Graduate 2026	Verkada	added
https://job-boards.greenhouse.io/ziprecruiter/jobs/7203130	2026-04-07	greenhouse	Software Engineer - New Grad	ZipRecruiter	added
https://jobs.lever.co/palantir/b229baac-494b-4a0d-9a13-2e38806e06f3	2026-04-07	lever	Software Engineer, Internship - Infrastructure	Palantir	added
https://job-boards.greenhouse.io/gemini/jobs/7360510	2026-04-07	greenhouse	Security GRC Intern (Summer 2026)	Gemini	added
https://jobs.ashbyhq.com/cohere/25cc6633-614a-45e0-8632-ffd4a2475c9b	2026-04-07	ashby	Machine Learning Intern/Co-op (Winter 2026)	Cohere	added
https://job-boards.greenhouse.io/dvtrading/jobs/4677094005	2026-04-07	greenhouse	2026 Summer Internship - DevOps Engineer	DV Trading	added
https://job-boards.greenhouse.io/pdtpartners/jobs/7158038	2026-04-07	greenhouse	Summer 2026 Systems Engineering Internship	PDT Partners	added
https://job-boards.greenhouse.io/blackduck/jobs/4520810008	2026-04-07	greenhouse	DevOps Engineer Intern	Black Duck Software	added
https://job-boards.greenhouse.io/blackduck/jobs/4935808008	2026-04-07	greenhouse	Software Engineering Intern (DevOps)	Black Duck Software	added
https://job-boards.greenhouse.io/aquaticcapitalmanagement/jobs/7990895002	2026-04-07	greenhouse	Software Engineer, Intern (Summer 2026)	Aquatic Capital Management	added
https://job-boards.greenhouse.io/mwinternshipprogram/jobs/8062751002	2026-04-07	greenhouse	Technology Intern - New York - Summer 2026	Marshall Wace	added
https://job-boards.greenhouse.io/gcmgrosvenor/jobs/7149612003	2026-04-07	greenhouse	Technology Business Analyst Summer Intern	GCM Grosvenor	added
https://jobs.ashbyhq.com/walrusfi/99c93c0e-ed9a-4e41-862a-0cdbe71d7d54	2026-04-07	ashby	Full Stack Developer Intern	Walrus	added
https://jobs.ashbyhq.com/Ridealso/46fc8eaf-a868-4593-897f-39f85ca35269	2026-04-07	ashby	Software Engineering Intern, Backend - Summer 2026	ALSO	added
https://jobs.ashbyhq.com/golinks/2f45e1c5-9ba8-4c3b-a363-8756a041a4d9	2026-04-07	ashby	Fullstack Engineering Intern	GoLinks	added
https://jobs.ashbyhq.com/medraai/993dc7fe-31f8-41d4-9de5-5c37ce6a4466	2026-04-07	ashby	Full Stack Software Engineer - Summer 2026 Internship	Medra	added
https://jobs.ashbyhq.com/unwrap/aa875007-108e-492b-86ad-1849f8740c5a	2026-04-07	ashby	Full Stack Engineer Intern	Unwrap	added
https://job-boards.greenhouse.io/cloudflare/jobs/7770160	2026-04-07	greenhouse	Sales Revenue AI Tools Intern (Summer 2026)	Cloudflare	added
https://job-boards.greenhouse.io/hpiq/jobs/5622481004	2026-04-07	greenhouse	Software Engineer Intern, Cloud Services (Summer 2026)	HP IQ	added
https://job-boards.greenhouse.io/moloco/jobs/7473817003	2026-04-07	greenhouse	Software Engineer Intern	Moloco	added
https://job-boards.greenhouse.io/gleanwork/jobs/4681110005	2026-04-07	greenhouse	Business Value Consultant	Glean	added
https://job-boards.greenhouse.io/anthropic/jobs/5123742008	2026-04-07	greenhouse	Analyst, The Anthropic Institute	Anthropic	added
https://jobs.ashbyhq.com/sentry/aedee875-ffca-477a-bc8c-1347628cc596	2026-04-07	ashby	Software Engineer, New Grad (2026)	Sentry	added
https://job-boards.greenhouse.io/twilio/jobs/7560246	2026-04-07	greenhouse	Software Engineer Intern - United States	Twilio	added
https://job-boards.greenhouse.io/twilio/jobs/6891933	2026-04-07	greenhouse	Software Engineer, New Graduate - Email	Twilio	added
https://job-boards.greenhouse.io/dialpad/jobs/7720522002	2026-04-07	greenhouse	Software Engineer Intern	Dialpad	added
https://job-boards.greenhouse.io/censys/jobs/8167601002	2026-04-07	greenhouse	2026 AI/ML Engineering Intern, Platform	Censys	added
https://job-boards.greenhouse.io/censys/jobs/8167154002	2026-04-07	greenhouse	2026 AI/ML Engineering Intern	Censys	added
https://job-boards.greenhouse.io/crashplan/jobs/4109234009	2026-04-07	greenhouse	AI/ML Engineer Intern	CrashPlan	added
https://job-boards.greenhouse.io/hpiq/jobs/5623297004	2026-04-07	greenhouse	Software Engineering Intern, Product Security (Summer 2026)	HP IQ	added
https://job-boards.greenhouse.io/astranis/jobs/4667477006	2026-04-07	greenhouse	Software Engineer Intern - Data Platform (Summer 2026)	Astranis	added
https://jobs.ashbyhq.com/Crusoe/e21bb802-1292-476a-8d25-d1ebf18d035a	2026-04-07	ashby	Product Security Applied AI Intern, Summer 2026	Crusoe	added
https://job-boards.greenhouse.io/celonis/jobs/7611577003	2026-04-07	greenhouse	Summernaut Program - Technology Consultant Summer Intern	Celonis	added
https://jobs.lever.co/BestEgg/3b828fc3-4fb0-49e8-9832-458c1fd437a9	2026-04-07	lever	2026 Summer Internship - Software Engineer	Best Egg	added
https://jobs.lever.co/BestEgg/35e80bd9-f511-4131-adbd-d17ccb5dd285	2026-04-07	lever	2026 Summer Internship - Backend Software Engineering Intern	Best Egg	added
https://job-boards.greenhouse.io/opensesame/jobs/7417009	2026-04-07	greenhouse	Software Engineering Internship - Summer 2026	OpenSesame	added
https://job-boards.greenhouse.io/pdtpartners/jobs/7073180	2026-04-07	greenhouse	Summer 2026 Software Engineering Internship	PDT Partners	added
https://job-boards.greenhouse.io/lucidmotors/jobs/4918247007	2026-04-07	greenhouse	Intern, AI/ML Engineer (Summer 2026)	Lucid Motors	added
https://jobs.ashbyhq.com/harvey/b6509622-5c1e-4a3f-916b-6e56b8fd212f	2026-04-07	ashby	Software Engineering Intern (Summer 2026)	Harvey	added
https://job-boards.greenhouse.io/cloudflare/jobs/7296929	2026-04-07	greenhouse	Software Engineer Intern (Summer 2026)	Cloudflare	skipped_dup
https://job-boards.greenhouse.io/anthropic/jobs/5025624008	2026-04-07	greenhouse	Research Engineer, Cybersecurity Reinforcement Learning	Anthropic	added
https://jobs.lever.co/rigetti/40442388-ca66-4899-ab45-d8a2658bd050	2026-04-07	lever	2026 Internship - Software Engineering, Computer Vision & Automation	Rigetti Computing	added
https://job-boards.greenhouse.io/scaleai/jobs/4606014005	2026-04-07	greenhouse	Software Engineering Intern (Summer 2026)	Scale AI	added
https://jobs.ashbyhq.com/zip/2bad03a8-4e98-480e-b8cb-bc65d36e429f	2026-04-07	ashby	Software Engineer Intern (Summer 2026)	Zip	added
https://jobs.lever.co/zocks/5fbdafb5-0796-49f4-a6da-0b58615503e5	2026-04-07	lever	Software Engineer Intern	Zocks	added
https://job-boards.greenhouse.io/showpad/jobs/7661363	2026-04-07	greenhouse	Cloud Platform Engineer Intern	Showpad	added
https://job-boards.greenhouse.io/devtechnology/jobs/8133559002	2026-04-07	greenhouse	AI/ML Intern (Summer 2026)	Dev Technology	added
https://job-boards.greenhouse.io/chathamfinancial/jobs/7183989	2026-04-07	greenhouse	2026 Software Engineer Intern	Chatham Financial	added
https://jobs.ashbyhq.com/tessera-labs/e55f2ac2-b178-48e3-816c-1dcb2cc11a83	2026-04-07	ashby	Backend Software Engineer Intern	Tessera Labs	added
https://jobs.ashbyhq.com/reframesystems/76b3c3d9-c741-4707-bd38-1d5e75781520	2026-04-07	ashby	Software Engineer - Full Stack Robotics Intern (Summer 2026)	Reframe Systems	added
https://jobs.ashbyhq.com/sentilink/d3f05b2d-f5b2-479f-8d65-d28c53ef824e	2026-04-07	ashby	Software Engineer, Full Stack/Backend, New Grad	SentiLink	added
https://jobs.ashbyhq.com/whatnot/8250532f-4bfd-4ee5-a041-4a2e54047cf7	2026-04-07	ashby	Software Engineer Intern (Summer 2026)	Whatnot	added
https://jobs.lever.co/field-ai/29a99694-254b-4b18-9d28-cb70906f06d6	2026-04-07	lever	Software Engineer, Validation & Verification, Intern (Summer 2026)	FieldAI	added
https://jobs.ashbyhq.com/n8n	2026-04-07	ashby	(no matching intern/new grad roles)	n8n	skipped_title
https://jobs.ashbyhq.com/zapier	2026-04-07	ashby	(no matching intern/new grad roles)	Zapier	skipped_title
https://jobs.ashbyhq.com/attio	2026-04-07	ashby	(no matching intern/new grad roles - all senior/lead EU-based)	Attio	skipped_title
https://jobs.ashbyhq.com/zip/caa5ba75-3b38-4d29-88cd-69a90b01fd6f	2026-04-07	ashby	Software Engineer Intern (Fall 2026)	Zip	added
https://job-boards.greenhouse.io/roadie/jobs/8431926002	2026-04-07	greenhouse	Software Engineer Intern (Summer 2026)	Roadie	added
https://job-boards.greenhouse.io/doordashusa/jobs/7262223	2026-04-07	greenhouse	Software Engineer Intern (Summer 2026)	DoorDash	added
https://jobs.lever.co/solopulseco/e430dd0f-8a73-46ec-8aea-739e1a5c1f9c	2026-04-07	lever	Software Engineer Intern/Co-Op (Spring/Summer 2026)	SoloPulse	added
https://jobs.lever.co/belvederetrading/eddfd030-1b27-46db-9ef6-5b65e1e2484c	2026-04-07	lever	Software Engineer Intern (Summer 2026)	Belvedere Trading	added
https://jobs.lever.co/hermeus/1ce52371-c210-49b5-9a2b-5af6706137bc	2026-04-07	lever	Software Engineering Intern (Summer/Fall 2026)	Hermeus	added
https://job-boards.greenhouse.io/roadie/jobs/8479096002	2026-04-07	greenhouse	AI Engineer Intern (Summer 2026)	Roadie	added
https://job-boards.greenhouse.io/covar/jobs/4870783007	2026-04-07	greenhouse	Machine Learning Internship (Summer 2026)	CoVar	added
https://job-boards.greenhouse.io/creditkarma/jobs/7500619003	2026-04-07	greenhouse	Machine Learning Intern (Summer 2026)	Credit Karma	added
https://job-boards.greenhouse.io/xpengmotors/jobs/7627107002	2026-04-07	greenhouse	Machine Learning Engineer Intern	XPeng Motors	added
https://jobs.ashbyhq.com/SecondDinner/16e290f9-d116-4a81-b6f4-ff453722eb38	2026-04-07	ashby	[2026] AI/ML Engineer Intern	Second Dinner	added
https://jobs.ashbyhq.com/super.com/aa78bb98-1185-4a4a-ab2d-d01026194aa0	2026-04-07	ashby	Software Engineering Intern - Infrastructure (DevOps)	Super.com	added
https://jobs.ashbyhq.com/rho/59bf8a1f-b7b2-436c-8c63-6095622f157a	2026-04-07	ashby	DevOps Engineer Intern	Rho	added
https://jobs.ashbyhq.com/solace/d7906c8c-395f-4d6b-8e64-e2c7be52b929	2026-04-07	ashby	Associate Software Engineer (College Grad 2026)	Solace	added
https://jobs.ashbyhq.com/northslope-technologies/7ccd126f-b127-4526-87f1-57408919c30a	2026-04-07	ashby	Forward Deployed Software Engineer, New Grad	Northslope Technologies	added
https://jobs.ashbyhq.com/candidhealth/8d1922f8-e89d-433e-a21f-b724eabc003b	2026-04-07	ashby	Forward Deployed Software Engineer (New Grad)	Candid Health	added
https://jobs.ashbyhq.com/meshy/4d91eb31-80a5-44de-82bc-ba6e3f4f0d2b	2026-04-07	ashby	Software Engineer - New Grad	Meshy	added
https://jobs.lever.co/actian/7e55f709-5eb0-472e-bdc4-d89f93b0608f	2026-04-07	lever	AI Engineering Intern	Actian	added
https://jobs.ashbyhq.com/melotech/e99207bd-8a2f-4641-a463-08a6633a7073	2026-04-07	ashby	AI/ML Engineer Intern	Melotech	added
